Workbook

Sheet Summary
A1: HORIZON TECHX – TASK 2: CRYPTOCURRENCY PORTFOLIO ANALYSIS
A2: Prepared By | B2: Joshna Darupally
A3: Analysis Period | B3: 30 Sep 2025 – 30 Sep 2026
A4: Cryptocurrencies | B4: BTC, XMR, SOL
A5: Portfolio Allocation | B5: BTC 50%, XMR 25%, SOL 25%
A7: COMPARISON TABLE
A8: Cryptocurrency | B8: Start Price | C8: End Price | D8: 12-Month Return | E8: Allocation
A9: Bitcoin (BTC) | B9: 114056.08 | C9: 83553.85 | D9: =(C9-B9)/B9 -> -0.26743186 | E9: 0.5
A10: Monero (XMR) | B10: 295.33 | C10: 544.45 | D10: =(C10-B10)/B10 -> 0.84353097 | E10: 0.25
A11: Solana (SOL) | B11: 208.74 | C11: 117.99 | D11: =(C11-B11)/B11 -> -0.43475137 | E11: 0.25

Sheet Histrorical Data
A1: HISTRORICAL PRICES COVERING FROM 30 SEPTEMBER, 2025 to 30 SEPTEMBER, 2026.
A3: Date | B3: Bitcoin(BTC) Price | C3: Monero(XMR) Price | D3: Solana(SOL) Price | E3: BTC Return | F3: XMR Return | G3: SOL Return | H3: BTC Running High | I3: BTC Drawdown | J3: XMR Running High | K3: XMR Drawdown | L3: SOL Running High | M3: SOL Drawdown
A4: 45930 | B4: 114056.08 | C4: 295.33 | D4: 208.74 | H4: =MAX($B$4:B4) -> 114056.08 | I4: =(H4/B4)-1 -> 0 | J4: =MAX($C$4:C4) -> 295.33 | K4: =(J4/C4)-1 -> 0 | L4: =MAX($D$4:D4) -> 208.74 | M4: =(L4/D4)-1 -> 0
A5: 45931 | B5: 118648.93 | C5: 314.32 | D5: 221.68 | E5: =(B5/B4)-1 -> 0.040268349 | F5: =(C5/C4)-1 -> 0.064300951 | G5: =(D5/D4)-1 -> 0.061990994 | H5: =MAX($B$4:B5) -> 118648.93 | I5: =(H5/B5)-1 -> 0 | J5: =MAX($C$4:C5) -> 314.32 | K5: =(J5/C5)-1 -> 0 | L5: =MAX($D$4:D5) -> 221.68 | M5: =(L5/D5)-1 -> 0
A6: 45932 | B6: 120681.26 | C6: 333.68 | D6: 234.86 | E6: =(B6/B5)-1 -> 0.017128937 | F6: =(C6/C5)-1 -> 0.061593281 | G6: =(D6/D5)-1 -> 0.05945507 | H6: =MAX($B$4:B6) -> 120681.26 | I6: =(H6/B6)-1 -> 0 | J6: =MAX($C$4:C6) -> 333.68 | K6: =(J6/C6)-1 -> 0 | L6: =MAX($D$4:D6) -> 234.86 | M6: =(L6/D6)-1 -> 0
A7: 45933 | B7: 122266.53 | C7: 324.62 | D7: 233 | E7: =(B7/B6)-1 -> 0.013136008 | F7: =(C7/C6)-1 -> -0.027151762 | G7: =(D7/D6)-1 -> -0.0079196117 | H7: =MAX($B$4:B7) -> 122266.53 | I7: =(H7/B7)-1 -> 0 | J7: =MAX($C$4:C7) -> 333.68 | K7: =(J7/C7)-1 -> 0.027909556 | L7: =MAX($D$4:D7) -> 234.86 | M7: =(L7/D7)-1 -> 0.0079828326
A8: 45934 | B8: 122425.43 | C8: 329.93 | D8: 228 | E8: =(B8/B7)-1 -> 0.0012996198 | F8: =(C8/C7)-1 -> 0.016357587 | G8: =(D8/D7)-1 -> -0.021459227 | H8: =MAX($B$4:B8) -> 122425.43 | I8: =(H8/B8)-1 -> 0 | J8: =MAX($C$4:C8) -> 333.68 | K8: =(J8/C8)-1 -> 0.011366047 | L8: =MAX($D$4:D8) -> 234.86 | M8: =(L8/D8)-1 -> 0.030087719
A9: 45935 | B9: 123513.47 | C9: 321.4 | D9: 228.6 | E9: =(B9/B8)-1 -> 0.0088873692 | F9: =(C9/C8)-1 -> -0.025853969 | G9: =(D9/D8)-1 -> 0.0026315789 | H9: =MAX($B$4:B9) -> 123513.47 | I9: =(H9/B9)-1 -> 0 | J9: =MAX($C$4:C9) -> 333.68 | K9: =(J9/C9)-1 -> 0.038207841 | L9: =MAX($D$4:D9) -> 234.86 | M9: =(L9/D9)-1 -> 0.027384077
A10: 45936 | B10: 124752.53 | C10: 310.53 | D10: 232.52 | E10: =(B10/B9)-1 -> 0.01003178 | F10: =(C10/C9)-1 -> -0.033820784 | G10: =(D10/D9)-1 -> 0.017147857 | H10: =MAX($B$4:B10) -> 124752.53 | I10: =(H10/B10)-1 -> 0 | J10: =MAX($C$4:C10) -> 333.68 | K10: =(J10/C10)-1 -> 0.074549963 | L10: =MAX($D$4:D10) -> 234.86 | M10: =(L10/D10)-1 -> 0.01006365
A11: 45937 | B11: 121451.38 | C11: 318.23 | D11: 220.48 | E11: =(B11/B10)-1 -> -0.026461588 | F11: =(C11/C10)-1 -> 0.024796316 | G11: =(D11/D10)-1 -> -0.051780492 | H11: =MAX($B$4:B11) -> 124752.53 | I11: =(H11/B11)-1 -> 0.027180836 | J11: =MAX($C$4:C11) -> 333.68 | K11: =(J11/C11)-1 -> 0.048549791 | L11: =MAX($D$4:D11) -> 234.86 | M11: =(L11/D11)-1 -> 0.065221335
A12: 45938 | B12: 123354.87 | C12: 333.16 | D12: 229.1 | E12: =(B12/B11)-1 -> 0.015672856 | F12: =(C12/C11)-1 -> 0.046915753 | G12: =(D12/D11)-1 -> 0.039096517 | H12: =MAX($B$4:B12) -> 124752.53 | I12: =(H12/B12)-1 -> 0.0113304 | J12: =MAX($C$4:C12) -> 333.68 | K12: =(J12/C12)-1 -> 0.0015608116 | L12: =MAX($D$4:D12) -> 234.86 | M12: =(L12/D12)-1 -> 0.025141859
A13: 45939 | B13: 121705.58 | C13: 342.27 | D13: 220.99 | E13: =(B13/B12)-1 -> -0.013370287 | F13: =(C13/C12)-1 -> 0.027344219 | G13: =(D13/D12)-1 -> -0.035399389 | H13: =MAX($B$4:B13) -> 124752.53 | I13: =(H13/B13)-1 -> 0.025035417 | J13: =MAX($C$4:C13) -> 342.27 | K13: =(J13/C13)-1 -> 0 | L13: =MAX($D$4:D13) -> 234.86 | M13: =(L13/D13)-1 -> 0.062763021
A14: 45940 | B14: 113214.37 | C14: 294.82 | D14: 188.66 | E14: =(B14/B13)-1 -> -0.069768453 | F14: =(C14/C13)-1 -> -0.13863324 | G14: =(D14/D13)-1 -> -0.14629621 | H14: =MAX($B$4:B14) -> 124752.53 | I14: =(H14/B14)-1 -> 0.10191427 | J14: =MAX($C$4:C14) -> 342.27 | K14: =(J14/C14)-1 -> 0.16094566 | L14: =MAX($D$4:D14) -> 234.86 | M14: =(L14/D14)-1 -> 0.24488498
A15: 45941 | B15: 110807.88 | C15: 298.27 | D15: 178.05 | E15: =(B15/B14)-1 -> -0.021256047 | F15: =(C15/C14)-1 -> 0.011702055 | G15: =(D15/D14)-1 -> -0.056238736 | H15: =MAX($B$4:B15) -> 124752.53 | I15: =(H15/B15)-1 -> 0.12584529 | J15: =MAX($C$4:C15) -> 342.27 | K15: =(J15/C15)-1 -> 0.14751735 | L15: =MAX($D$4:D15) -> 234.86 | M15: =(L15/D15)-1 -> 0.31906768
A16: 45942 | B16: 115169.76 | C16: 304.74 | D16: 197.51 | E16: =(B16/B15)-1 -> 0.039364348 | F16: =(C16/C15)-1 -> 0.021691756 | G16: =(D16/D15)-1 -> 0.10929514 | H16: =MAX($B$4:B16) -> 124752.53 | I16: =(H16/B16)-1 -> 0.083205609 | J16: =MAX($C$4:C16) -> 342.27 | K16: =(J16/C16)-1 -> 0.12315416 | L16: =MAX($D$4:D16) -> 234.86 | M16: =(L16/D16)-1 -> 0.18910435
... A369: 46295 | B369: 83553.85 | C369: 544.45 | D369: 117.99 | E369: =(B369/B368)-1 -> -0.00082011489 | F369: =(C369/C368)-1 -> 0.0049652983 | G369: =(D369/D368)-1 -> -0.0089870653 | H369: =MAX($B$4:B369) -> 124752.53 | I369: =(H369/B369)-1 -> 0.49307937 | J369: =MAX($C$4:C369) -> 713.44 | K369: =(J369/C369)-1 -> 0.31038663 | L369: =MAX($D$4:D369) -> 234.86 | M369: =(L369/D369)-1 -> 0.99050767

Sheet Performance
A1: PERFORMANCE
A3: Metric | B3: BTC | C3: XMR | D3: SOL
A4: Starting Price | B4: ='Histrorical Data'!B4 -> 114056.08 | C4: ='Histrorical Data'!C4 -> 295.33 | D4: ='Histrorical Data'!D4 -> 208.74
A5: Ending Price | B5: ='Histrorical Data'!B369 -> 83553.85 | C5: ='Histrorical Data'!C369 -> 544.45 | D5: ='Histrorical Data'!D369 -> 117.99
A6: 12-Month Return | B6: =(B5-B4)/B4 -> -0.26743186 | C6: =(C5-C4)/C4 -> 0.84353097 | D6: =(D5-D4)/D4 -> -0.43475137
A7: Highest Price | B7: =MAX('Histrorical Data'!B4:B369) -> 124752.53 | C7: =MAX('Histrorical Data'!C4:C369) -> 713.44 | D7: =MAX('Histrorical Data'!D4:D369) -> 234.86
A8: Lowest Price | B8: =MIN('Histrorical Data'!B4:B369) -> 58558.86 | C8: =MIN('Histrorical Data'!C4:C369) -> 291.23 | D8: =MIN('Histrorical Data'!D4:D369) -> 62.19
A9: Average Daily Return | B9: =AVERAGE('Histrorical Data'!B4:B369) -> 79913.922 | C9: =AVERAGE('Histrorical Data'!C4:C369) -> 389.50139 | D9: =AVERAGE('Histrorical Data'!D4:D369) -> 108.44019

Sheet Risk analysis
A1: RISK ANALYSIS
A4: Risk Metric | B4: BTC | C4: XMR | D4: SOL
A5: Average Daily Return | B5: =AVERAGE('Histrorical Data'!B4:B369) -> 79913.922 | C5: =AVERAGE('Histrorical Data'!C4:C369) -> 389.50139 | D5: =AVERAGE('Histrorical Data'!D4:D369) -> 108.44019
A6: Daily Volatility | B6: =STDEV('Histrorical Data'!B4:B369) -> 15335.966 | C6: =STDEV('Histrorical Data'!C4:C369) -> 75.348075 | D6: =STDEV('Histrorical Data'!D4:D369) -> 38.480208
A7: Annualized Volatility | B7: =STDEV('Histrorical Data'!B4:B369)*SQRT(365) -> 292993.22 | C7: =STDEV('Histrorical Data'!C4:C369)*SQRT(365) -> 1439.523 | D7: =STDEV('Histrorical Data'!D4:D369)*SQRT(365) -> 735.16335
A8: Maximum Drawdown | B8: =MIN('Histrorical Data'!I4:I369) -> 0 | C8: =MIN('Histrorical Data'!K4:K369) -> 0 | D8: =MIN('Histrorical Data'!M4:M369) -> 0

Sheet Portfolio Analysis
A1: Portfolio Analysis
A3: Cryptocurrency | B3: Allocation | C3: Starting Value | D3: Return | E3: Approx. Ending Value
A4: BTC | B4: 0.5 | C4: 500000 | D4: -0.2674 | E4: =C4*(1+D4) -> 366300
A5: XMR | B5: 0.25 | C5: 250000 | D5: 0.8435 | E5: =C5*(1+D5) -> 460875
A6: SOL | B6: 0.25 | C6: 250000 | D6: -0.4348 | E6: =C6*(1+D6) -> 141300
A7: TOTAL | B7: =SUM(B4:B6) -> 1 | C7: =SUM(C4:C6) -> 1000000 | E7: =SUM(E4:E6) -> 968475
A9: Let Starting value is ₹10,00,000
A10: Then:
A12: BTC = ₹50,000
A13: XMR = ₹25,000
A14: SOL = ₹25,000
A16: Ending Value = Starting Value × (1 + Return)
A18: Portfolio return | B18: =(E47-C7)/C7 -> -1

Sheet Charts
A1: CHARTS
A3: Chart 1- 12-Month Price Trend
A24: Chart 2 — Return Comparison
A43: Chart 3-Volatility Comparison
A63: Chart 4- Portfolio Allocation
